n_urgent,strategy,rule,awt_e_hours_mean,awt_e_hours_std,awt_e_hours_ci_low,awt_e_hours_ci_high,swt_e_min_mean,swt_e_min_std,swt_e_min_ci_low,swt_e_min_ci_high,swt_u_min_mean,swt_u_min_std,swt_u_min_ci_low,swt_u_min_ci_high,overtime_min_mean,overtime_min_std,overtime_min_ci_low,overtime_min_ci_high,objective_mean,objective_std,objective_ci_low,objective_ci_high
10,1,1,14.650260948000316,2.966888713598564,13.942831305299942,15.35769059070069,5.30049687891256,0.1802090047919124,5.257527558463495,5.343466199361626,181.48999895596683,4.931842458241895,180.3140426310473,182.66595528088635,22.993643507505183,1.2686534862500687,22.69114376143284,23.296143253577526,0.4232965248734854,0.019787527949674987,0.418578355377204,0.4280146943697668
10,1,2,14.417195611851126,2.966859858489813,13.709772849408573,15.124618374293679,18.162409585169677,0.18570008144686984,18.118130963708325,18.20668820663103,180.3729341293375,4.944612869120631,179.19393280742713,181.55193545124786,22.11055319765343,1.2481549002733368,21.81294116687924,22.40816522842762,0.4198405926380986,0.019762681487678027,0.41512834757155814,0.42455283770463903
10,1,3,14.533492056688628,2.966882534427702,13.826063887359538,15.240920226017717,11.772883551673734,0.1849849315092419,11.728775451695892,11.816991651651577,181.03860443183436,4.931413773087303,179.8627503232819,182.21445854038683,22.630828095696973,1.2566211747457126,22.331197353031925,22.93045883836202,0.42176555616358063,0.019774201385769824,0.4170505642742984,0.4264805480528629
10,1,4,14.625260948000317,2.9668887135985633,13.917831305299943,15.332690590700691,5.9688138736419925,0.17626253264280065,5.926785556261082,6.010842191022903,180.7762536516292,4.932398850016014,179.60016465977404,181.95234264348434,22.42048016077031,1.260188426780391,22.119998836881656,22.720961484658964,0.4218259647860877,0.019763151614176112,0.41711360762184063,0.42653832195033475
10,2,1,14.2009269724055,2.9748671563433646,13.491594937183832,14.910259007627166,5.229436147562729,0.16512317430228063,5.190063916422812,5.268808378702646,156.3052189533135,5.485251232137125,154.99730696406806,157.61313094255894,27.195657168262848,1.258316207681169,26.895622259260723,27.495692077264973,0.37398343638950216,0.019757194165982175,0.36927249972863563,0.3786943730503687
10,2,2,13.96764180270977,2.9748861949272283,13.258305227898019,14.67697837752152,18.133661018224817,0.1608065720932789,18.095318044550606,18.17200399189903,155.2332408049992,5.506040012365182,153.92037190607883,156.5461097039196,26.076109706198913,1.2487357177830096,25.77835918437804,26.373860228019787,0.3706096894698318,0.01976547919022497,0.36589677731466613,0.3753226016249975
10,2,3,14.067618669652449,2.9748972665027043,13.358279454916712,14.776957884388185,12.645499987614906,0.15948236879751831,12.607472759071307,12.683527216158506,155.73892232672205,5.496633421232362,154.42829635028596,157.04954830315813,26.610297443936552,1.250990107056731,26.31200938196761,26.908585505905496,0.3721412371307499,0.01974784342143842,0.3674325300762185,0.37684994418528134
10,2,4,14.175926972405497,2.974867156343365,13.46659493718383,14.885259007627164,5.933398093311224,0.16097275912587125,5.895015493737819,5.971780692884629,155.59220547154433,5.488397337870434,154.28354331986623,156.90086762322244,26.49585279690609,1.251915741684949,26.197344025150727,26.79436156866145,0.37251423152908314,0.019746803580331297,0.36780577241591184,0.37722269064225444
10,3,1,14.039810481777256,3.004908958664971,13.323315231641244,14.756305731913267,4.932545362264998,0.16052339061265053,4.894269910831424,4.970820813698571,150.4979983428453,4.542767719931901,149.414813614597,151.58118307109362,32.30165239402535,1.2830407804742372,31.995722118737074,32.607582669313636,0.36227029741796435,0.019101674513029052,0.35771566390111065,0.36682493093481805
10,3,2,13.806481378031707,3.004925117646385,13.08998227492258,14.522980481140834,17.815799319145846,0.16019765488587165,17.777601536654743,17.85399710163695,149.3827091647583,4.55236269648662,148.29723659510742,150.46818173440917,31.143611165088014,1.267198634184324,30.841458316245866,31.445764013930162,0.3588160833754025,0.019090661897797342,0.35426407572396224,0.36336809102684275
10,3,3,13.91321722399918,3.0048688929229925,13.196731527202125,14.629702920796234,11.96437596459866,0.15618568533879687,11.92713480247899,12.001617126718328,149.9458893408614,4.54749863321442,148.86157656615902,151.0302021155638,31.73025162067811,1.27445460554479,31.426368646535526,32.03413459482069,0.36049434204391845,0.019093084038323157,0.35594175685345597,0.3650469272343809
10,3,4,14.014810481777255,3.004908958664971,13.298315231641244,14.731305731913267,5.633565487392343,0.15770670612014367,5.595961650669157,5.67116932411553,149.78625552216698,4.5448031303160334,148.70258546744378,150.86992557689018,31.584799828684464,1.27874348418655,31.279894207527445,31.889705449841482,0.36080344563363936,0.01908685319850772,0.3562523461344885,0.36535454513279025
11,1,1,15.951934005210212,3.6501886672111317,15.081577239619874,16.82229077080055,5.32372709480321,0.1875446613199097,5.279008648796186,5.368445540810233,173.6026003920849,4.9766176564295925,172.41596779801156,174.78923298615823,22.35333682755922,1.250099328166599,22.05526116431932,22.651412490799125,0.4164382851486306,0.02325871823066871,0.41089243954539817,0.4219841307518631
11,1,2,15.71894327630861,3.6501622665887306,14.84859280572448,16.58929374689274,18.178263928229672,0.19318456969528752,18.132200693539282,18.224327162920062,172.47539174244932,4.982388164068961,171.28738321939733,173.6634002655013,21.465054243314665,1.2318828996050533,21.17132213414523,21.7587863524841,0.4129640121465843,0.023215774571157092,0.4074284060975236,0.41849961819564496
11,1,3,15.834460316272866,3.6502293370546792,14.964093853300634,16.704826779245096,11.83660974003647,0.1789031056599972,11.793951800244205,11.879267679828736,173.15123302102828,4.975622328256363,171.9648377545806,174.33762828747595,21.997806593061192,1.2479019894773624,21.70025486673766,22.295358319384725,0.41490317149823736,0.02323558689563084,0.40936284136715795,0.42044350162931676
11,1,4,15.926934005210212,3.6501886672111317,15.056577239619873,16.79729077080055,5.990094259557711,0.18470323051956453,5.946053328809899,6.034135190305523,172.8829359837492,4.974835368267003,171.69672836128748,174.06914360621093,21.777471438905806,1.2423604256945644,21.481241051825265,22.073701825986348,0.4149567637575328,0.023235615706262213,0.40941642675680084,0.4204971007582648
11,2,1,15.524084272468713,3.6546417834808693,14.652665698783867,16.39550284615356,5.282594619555264,0.1699643187737503,5.2420680582620065,5.323121180848522,149.26090925091452,5.603022907912545,147.9249155968152,150.59690290501385,26.112351838525793,1.2236113515361617,25.820592010375236,26.40411166667635,0.36881435473199675,0.023278297313153944,0.3632638406613346,0.3743648688026589
11,2,2,15.289152239835825,3.654679372765202,14.417724703302504,16.160579776369147,18.26975406696518,0.16557090763564056,18.23027507758031,18.309233056350052,148.24765107334338,5.609409112870199,146.9101346824219,149.58516746426486,24.98538471604167,1.2066919886194902,24.697659167575413,25.273110264507924,0.3655395457433093,0.023252813067454626,0.35999510817654395,0.3710839833100747
11,2,3,15.39148042092014,3.654705653402555,14.520046617990033,16.262914223850245,12.66340836345248,0.16603157625424605,12.623819531512755,12.702997195392204,148.7333034271145,5.611965890865899,147.3951773939993,150.0714294602297,25.518289198850876,1.2084095752291746,25.230154106313748,25.806424291388005,0.3670479982699747,0.023269034488102303,0.3614996928419848,0.3725963036979646
11,2,4,15.499084272468712,3.6546417834808693,14.627665698783867,16.37050284615356,5.998246839392921,0.1670312750510055,5.958419637689154,6.038074041096689,148.59436353776695,5.604626073049664,147.25798762243386,149.93073945310005,25.418495416205218,1.2179846548688475,25.128077226517437,25.708913605893,0.36743120129495105,0.02326001032184811,0.36188504760345186,0.37297735498645024
11,3,1,15.367483066595891,3.684384292170698,14.48897264204417,16.245993491147615,4.97644136481286,0.17426252997290048,4.934889931235405,5.017992798390315,141.11541679391985,4.53871704741764,140.03319791443977,142.19763567339993,30.79881177631999,1.2196562038915604,30.507995019836468,31.089628532803513,0.3527979594063085,0.022660985464060823,0.34739463815040783,0.35820128066220913
11,3,2,15.134249641288482,3.6843949571495607,14.255736673762312,16.01276260881465,17.85939921170907,0.17660505664368464,17.81728922236303,17.901509201055113,140.0125851583614,4.539787422497131,138.93011105695248,141.0950592597703,29.638984723615092,1.2092959615354677,29.35063827972357,29.927331167506615,0.34936738440146053,0.022627400268931185,0.34397207125266605,0.354762697550255
11,3,3,15.240008420424147,3.684363113655841,14.361503045711041,16.11851379513725,12.05243195233396,0.17215983891301706,12.011381887742266,12.093482016925654,140.55775662169341,4.550426293697145,139.4727457709898,141.64276747239703,30.22221607470299,1.218666122634704,29.93163539476207,30.512796754643915,0.3510064777278828,0.022641944991891514,0.3456076965123152,0.3564052589434504
11,3,4,15.342483066595891,3.684384292170698,14.463972642044169,16.220993491147613,5.682559630663213,0.17092884495375563,5.641803086220345,5.72331617510608,140.4013477356758,4.5433304378477,139.31802883207664,141.484666639275,30.080833982534255,1.2189289214746855,29.790190640421805,30.371477324646705,0.3513267997746398,0.02263954219018293,0.3459285914869163,0.35672500806236335
12,1,1,17.72121233642018,4.526655895610407,16.641869337074873,18.800555335765488,5.333337715065805,0.17080800327055623,5.292609984305222,5.374065445826388,171.85699104899427,4.952279520104669,170.67616167868374,173.0378204193048,20.86102236725408,1.2220124585611376,20.569643781676206,21.152400952831954,0.4237370938921731,0.028081551600119804,0.4170412842637595,0.4304329035205867
12,1,2,17.48830857761726,4.526605209450536,16.408977663960172,18.56763949127435,18.18557284137141,0.17142851407324391,18.144697155032507,18.226448527710314,170.71870140920828,4.962433909782261,169.53545081014437,171.9019520082722,20.016484284497267,1.200339688815646,19.730273388454595,20.30269518053994,0.42024281821715515,0.028058412337409355,0.4135525259511814,0.4269331104831289
12,1,3,17.60286324619462,4.526678963139838,16.52351474659107,18.68221174579817,11.903086513795422,0.1718208108317089,11.86211728759626,11.944055739994585,171.37989218626032,4.953709514628018,170.19872184579137,172.56106252672927,20.508076661008943,1.2144857763617791,20.21849274945258,20.797660572565306,0.42214911860931237,0.02805474955955815,0.4154596997018892,0.42883853751673556
12,1,4,17.696212336420174,4.526655895610407,16.616869337074867,18.775555335765482,5.997751438456716,0.16827294315736863,5.957628171443586,6.0378747054698465,171.12599895881064,4.952702092792205,169.9450688295994,172.3069290880219,20.30900024730039,1.2067668829173737,20.021256840919158,20.59674365368162,0.4222345953124678,0.028062651174315636,0.41554329233151027,0.42892589829342537
12,2,1,17.29286549533292,4.53867991572398,16.210655469592663,18.375075521073175,5.3175279621812335,0.1641958134596672,5.27837685242903,5.356679071933437,141.7624034931203,5.367869900291922,140.48248009450393,143.04232689173668,25.093256047622432,1.2021738673475475,24.806607807146342,25.379904288098523,0.3654566926182098,0.027868666687086648,0.35881164360554596,0.3721017416308736
12,2,2,17.056252185768876,4.538706890909089,15.97403572802277,18.138468643514983,18.390775386422145,0.16384217803818785,18.351708598059794,18.429842174784497,140.79976801489272,5.379366635023604,139.5171033166428,142.08243271314265,23.95014322687048,1.187792713104893,23.66692405158341,24.23336240215755,0.36226562176826693,0.02784781529069247,0.3556255445955759,0.368905698940958
12,2,3,17.160985671388154,4.5386745658181695,16.07877692128791,18.243194421488397,12.660993200766193,0.16191611876155734,12.62238566502752,12.699600736504864,141.2617842020645,5.373909802256477,139.98042063966,142.54314776446898,24.490427607131945,1.1938991152791092,24.20575241164146,24.77510280262243,0.3637446209049431,0.027859895945368165,0.3571016632018224,0.37038757860806376
12,2,4,17.267865495332916,4.538679915723979,16.18565546959266,18.350075521073173,6.044499937357569,0.1628081168170236,6.005679712190145,6.083320162524994,141.1395221250047,5.3720633969996765,139.85859882239328,142.42044542761613,24.40002908282215,1.1936261655663585,24.115418969893366,24.684639195750936,0.3641543990793712,0.027847085396876796,0.35751449594371726,0.37079430221502513
12,3,1,17.123588242906273,4.556387900738051,16.03715589718009,18.210020588632457,5.005006934669751,0.16922265910924017,4.964657215881258,5.045356653458245,131.55387516534515,4.186651365803922,130.55560338445676,132.55214694623353,29.293953470602617,1.143543490880565,29.021285149927802,29.56662179127743,0.3455444078367214,0.027599164136467506,0.33896361943896286,0.35212519623447996
12,3,2,16.89045983267239,4.556376902112544,15.804030109475889,17.976889555868894,17.88785664376376,0.1684397710136196,17.847693598052427,17.928019689475096,130.46787118604774,4.193426623339987,129.46798390202437,131.46775847007112,28.115831566160004,1.1355802695227986,27.84506200859486,28.38660112372515,0.342145620248006,0.027567122219606412,0.3355724719756396,0.34871876852037237
12,3,3,16.995212923879635,4.556363729120687,15.908786341672169,18.0816395060871,12.136880894519654,0.1629252545864771,12.098032738837002,12.175729050202307,131.00095127372512,4.200783565939027,129.9993097886593,132.00259275879094,28.711164557981824,1.142467699547241,28.438752750695958,28.98357636526769,0.34375633590036186,0.02758569993037412,0.33717875792922375,0.3503339138715
12,3,4,17.098588242906267,4.556387900738052,16.012155897180083,18.18502058863245,5.715517368492436,0.16683319332018015,5.675737397710213,5.755297339274659,130.83769844224082,4.190692640971468,129.83846305330243,131.8369338311792,28.564737267786427,1.1406996567969883,28.292747035413484,28.83672750015937,0.3440693451219779,0.02757155012888721,0.33749514105191136,0.35064354919204443
13,1,1,20.06040885730088,5.623471843072338,18.719539326722813,21.40127838787895,5.351629566653311,0.17403639970480939,5.310132051935039,5.393127081371583,163.89300673785107,4.819071206470983,162.743939768768,165.04207370693413,20.21705057610776,1.2447767325921404,19.92024404098453,20.513857111230987,0.4229127636122294,0.03365056654908869,0.41488906924129587,0.43093645798316293
13,1,2,19.82756687275736,5.623451858273829,18.48670210738629,21.16843163812843,18.20013268157157,0.17559809812960428,18.158262793008067,18.242002570135075,162.75413747498246,4.819639388495667,161.60493502767775,163.90333992228716,19.369785587904065,1.222583454418519,19.07827085316983,19.6613003226383,0.4194177822650575,0.033597462939798164,0.4114067500028085,0.42742881452730647
13,1,3,19.941299370466332,5.62352514487175,18.60041713052281,21.282181610409854,11.956801340766315,0.17201226339800552,11.915786464314094,11.997816217218537,163.3973918252427,4.8234173803308344,162.24728854758268,164.5474951029027,19.860154405506165,1.2339459915746935,19.565930369420748,20.154378441591582,0.4212859731778284,0.03363923241704399,0.41326498133528633,0.42930696502037047
13,1,4,20.035408857300887,5.623471843072337,18.69453932672282,21.376278387878955,6.017565917971771,0.17079294591661684,5.976841777510503,6.058290058433038,163.1595697058217,4.817057829876154,162.01098280944194,164.30815660220145,19.664104369104784,1.2314157861444728,19.370483639208526,19.957725099001042,0.4214057373624396,0.03361146538907811,0.4133913663340125,0.42942010839086664
13,2,1,19.71095212627083,5.657612567486294,18.3619420273044,21.059962225237257,5.345932172202412,0.17422437017667958,5.30438983750719,5.387474506897633,133.98848472486324,5.134754667604267,132.76414569144816,135.21282375827832,23.944347384926882,1.2021238110216121,23.657711079960407,24.230983689893357,0.36545391955426887,0.03366069701707088,0.3574278096585089,0.37348002945002884
13,2,2,19.472693829431815,5.657644460191024,18.123676125918372,20.82171153294526,18.50664905018799,0.17339424165583883,18.465304652651717,18.54799344772426,133.08213756351216,5.151324134054348,131.8538476802803,134.31042744674403,22.797062943894836,1.185351003752072,22.514425973652102,23.07969991413757,0.3623572947372488,0.03363355142490282,0.35433765747946827,0.37037693199502936
13,2,3,19.579873760635994,5.657604735970539,18.230865529028584,20.928881992243404,12.64636320453585,0.17763774298577578,12.604006979823227,12.688719429248474,133.52337561947778,5.145909194631873,132.29637688297595,134.7503743559796,23.34067944396968,1.190254107833654,23.056873369826064,23.624485518113296,0.36381237802927363,0.03363589771808931,0.3557921813176305,0.37183257474091674
13,2,4,19.68595212627082,5.657612567486294,18.336942027304392,21.034962225237248,6.0855889656287845,0.17185916644923827,6.044610593855444,6.126567337402125,133.41449652324624,5.1377182850743095,132.18945084018895,134.63954220630353,23.25759670544029,1.1925612605324647,22.97324051015398,23.5419529007266,0.3642421689163537,0.03364752063821569,0.3562192008172317,0.3722651370154757
13,3,1,19.54306932205645,5.6659981562204225,18.19205975003435,20.89407889407855,5.041904142093689,0.19185467420542238,4.996158009789685,5.087650274397694,121.87403798594755,4.212041280282232,120.86971219364807,122.87836377824704,27.766168201206625,1.165190057145667,27.488338438995964,28.043997963417286,0.34202045652060925,0.03373842713298107,0.33397581253293224,0.35006510050828626
13,3,2,19.310051106229754,5.666002294182957,17.959040547545317,20.66106166491419,17.920452451469327,0.19606223558412514,17.87370306156785,17.967201841370805,120.79599023116155,4.218436328597547,119.79013959341572,121.80184086890739,26.566075544163017,1.1490872847944764,26.292085352489217,26.840065735836816,0.3386370586000795,0.03371276995548736,0.3305985323504302,0.34667558484972877
13,3,3,19.413788951637102,5.665992800589529,18.062780656620113,20.76479724665409,12.216252884761454,0.18933167454286656,12.171108340491957,12.261397429030952,121.3108413900511,4.215582010779182,120.30567134036545,122.31601143973674,27.157293181873076,1.1592565578777323,26.880878212623077,27.433708151123074,0.34020797384714085,0.033725857035459744,0.3321663270934206,0.3482496206008611
13,3,4,19.518069322056455,5.665998156220424,18.167059750034355,20.869078894078555,5.7539093499910905,0.1891607912794606,5.708805551397499,5.799013148584682,121.15528590785587,4.219184232065463,120.1492569388229,122.16131487688884,27.025186803932648,1.157903815585948,26.74909438469666,27.301279223168635,0.34054062462996326,0.03371418118079449,0.33250176188551717,0.34857948737440936
14,1,1,23.4694637645627,7.66583337842452,21.64161031557984,25.29731721354556,5.383698803457396,0.161609525604582,5.345164372276538,5.422233234638253,162.18095941714282,4.8500714399603915,161.02450070330016,163.33741813098547,18.719495137849748,1.2126325335140224,18.430353116452466,19.00863715924703,0.44003429910652386,0.045345271316920524,0.429222100813123,0.4508464973999247
14,1,2,23.236725665100366,7.665805591689488,21.408878841630603,25.06457248857013,18.22810631289715,0.16410662058271738,18.188976470435758,18.267236155358543,161.02554147291949,4.8520318011244745,159.8686153274568,162.18246761838216,17.921555796064382,1.1727017159192237,17.641934942041644,18.20117665008712,0.4365092904167181,0.045271254970160955,0.42571474069823756,0.44730384013519864
14,1,3,23.349595961850433,7.6658473552025574,21.521739180222486,25.17745274347838,12.040678150941867,0.16224246593949462,12.001992800465343,12.07936350141839,161.670090578991,4.836851342901408,160.51678408602405,162.82339707195794,18.371851663309386,1.189161393686972,18.088306137657128,18.655397188961643,0.4383747468768708,0.045308235426160005,0.42757137947990626,0.4491781142738353
14,1,4,23.444463764562702,7.66583337842452,21.61661031557984,25.272317213545563,6.044789444443854,0.15735942416955662,6.007268414178858,6.08231047470885,161.4349047192186,4.850244153946395,160.27840482317964,162.59140461525755,18.193260352208757,1.1914464448266193,17.909169975344568,18.477350729072946,0.4385039068087806,0.045303940968611796,0.4277015633890738,0.4493062502284874
14,2,1,23.179035586588142,7.692964903765675,21.344712853742344,25.01335831943394,5.381354522667102,0.1872564868586424,5.336704789434923,5.42600425589928,126.72390398980822,4.67825797049072,125.60841275167874,127.8393952279377,22.81233455055374,1.2197804535149155,22.521488167793287,23.103180933314192,0.37264434619759007,0.045689805078627264,0.36174999672850633,0.3835386956666738
14,2,2,22.93915123184376,7.693032972153161,21.10481226866387,24.773490195023648,18.623289567875737,0.18582758311936687,18.578980544713705,18.66759859103777,125.8723601835458,4.680181727071846,124.756410241851,126.98831012524059,21.659909091672567,1.2055348528501093,21.372459452491395,21.94735873085374,0.3696395301590754,0.04564475860054456,0.3587559216435532,0.38052313867459764
14,2,3,23.048832972868592,7.692987073870181,21.214504953747973,24.88316099198921,12.637859087348408,0.19011876634295724,12.5925268676638,12.683191307033017,126.28586487980412,4.674404262870397,125.17129252582167,127.40043723378658,22.186873577132896,1.213632515779574,21.897493118380822,22.47625403588497,0.37105814710269114,0.04567840536591587,0.3601665157991568,0.38194977840622546
14,2,4,23.154035586588147,7.692964903765675,21.319712853742352,24.988358319433942,6.132058304224332,0.18552943338467187,6.087820372357137,6.176296236091527,126.19804940194761,4.6786320628154705,125.08246896465188,127.31362983924335,22.133012757003158,1.2138405563362007,21.843582692731346,22.42244282127497,0.37152173188144605,0.04566994129846901,0.36063211876355594,0.38241134499933616
14,3,1,23.0054089182787,7.695390425406521,21.17050784021224,24.84030999634516,5.052942650737904,0.1842964773173714,5.008998706867684,5.096886594608125,112.49280229650597,4.053042374550076,111.52638845505125,113.4592161379607,26.212473020863037,1.192071980411786,25.928233490303434,26.49671255142264,0.34525696209968587,0.04562803749993819,0.3343773405898688,0.35613658360950295
14,3,2,22.77253170172593,7.6954166146547465,20.937624379053656,24.607439024398207,17.93413923097702,0.18341612059299958,17.890405200758135,17.977873261195906,111.43000789940878,4.048170722855068,110.46475566229809,112.39526013651947,25.00792710794767,1.165142813445444,24.730108610599693,25.285745605295645,0.3419026504192315,0.04557594972173946,0.3310354488017249,0.3527698520367381
14,3,3,22.875244123068146,7.695389053571626,21.04034337210417,24.71014487403212,12.279886744662141,0.17994570046255348,12.23698020691429,12.322793282409993,111.93043334151363,4.048733480480696,110.9650469195836,112.89581976344367,25.595567071024337,1.1741442530370756,25.31560225616708,25.875531885881596,0.34344074766127747,0.04560943333069491,0.33256556215903293,0.354315933163522
14,3,4,22.980408918278698,7.695390425406522,21.14550784021224,24.815309996345157,5.771612070837488,0.18075596987628878,5.728512331167629,5.814711810507347,111.77806423277109,4.052899372515208,110.81168448894799,112.74444397659418,25.47088814156858,1.1822312451899868,25.188995051497276,25.752781231639883,0.34378456356895987,0.04559788716533804,0.33291213115266544,0.3546569959852543
15,1,1,28.565406777166153,11.10928074681509,25.916492285241965,31.21432126909034,5.400839661420363,0.16634230219766138,5.361176739494681,5.440502583346046,154.04060788366027,4.192124291216369,153.0410311297706,155.04018463754994,18.05638066580126,1.1623238872972492,17.779234317667605,18.333527013934916,0.4552925681671589,0.06514008138318153,0.4397604640180673,0.4708246723162505
15,1,2,28.332760227989365,11.10924426225913,25.68385443550047,30.981666020478258,18.24225295079861,0.173941037847591,18.200778174312568,18.28372772728465,152.86502915694848,4.1976985082153195,151.86412327793124,153.86593503596572,17.239697197308747,1.137040271154424,16.968579514642762,17.51081487997473,0.45173076963714276,0.0650963260971601,0.43620909856773304,0.4672524407065525
15,1,3,28.4447326529267,11.109272129470334,25.79582021573584,31.09364509011756,12.09869514043979,0.17145763400182187,12.057812510699007,12.139577770180574,153.51013129673794,4.197404179085724,152.5092955980244,154.51096699545147,17.6961203688016,1.1575328633211424,17.42011640001101,17.97212433759219,0.4535919057587345,0.06510897689740157,0.4380672182124837,0.4691165933049853
15,1,4,28.540406777166158,11.10928074681509,25.891492285241974,31.189321269090343,6.061664465933775,0.16302694527654404,6.0227920629619645,6.100536868905585,153.28316192926363,4.192124208849435,152.28358519501367,154.28273866351358,17.519958206316378,1.1461320203799865,17.246672672568994,17.79324374006376,0.4537410809500222,0.06510885976174526,0.43821642133378275,0.46926574056626164
15,2,1,28.250043115544543,11.166159487598703,25.587566366604996,30.91251986448409,5.347267032652115,0.17854355004456277,5.304694825870121,5.389839239434109,124.67038040175038,4.7456913175067275,123.53881024958312,125.80195055391764,21.958269544467928,1.1727822834527961,21.678629479794914,22.237909609140942,0.3990260933629643,0.0661310459115515,0.3832577020626154,0.4147944846633132
15,2,2,28.010269943542728,11.166216490197836,25.347779602813183,30.67276028427227,18.587521561440823,0.17975946205460705,18.544659430673857,18.63038369220779,123.81215689214862,4.748269043930527,122.67997210281125,124.944341681486,20.796370305993204,1.1652381974207031,20.518529065139134,21.074211546847273,0.39600956930549,0.06612407394571372,0.38024284041171497,0.411776298199265
15,2,3,28.11897328822263,11.166172245748632,25.45649349720961,30.78145307923565,12.653310070938563,0.18138783442242296,12.610059668485816,12.69656047339131,124.226838901375,4.751195615972195,123.09395629556603,125.35972150718398,21.32993974074058,1.1636992916327054,21.052465439019336,21.607414042461826,0.39742454267053806,0.06611719929925128,0.381659452978351,0.4131896323627251
15,2,4,28.22504311554454,11.166159487598701,25.562566366604994,30.887519864484087,6.100885933415291,0.17464968676076534,6.059242185560305,6.142529681270276,124.13816115860196,4.747305780005197,123.00620605144019,125.27011626576373,21.278066479469864,1.1656474405234858,21.000127658042363,21.556005300897365,0.3978916926481391,0.06612184808770151,0.38212549449147304,0.4136578908048052
15,3,1,28.171779110628346,11.208381619120745,25.49923484979333,30.844323371463364,5.051737283104419,0.1845321135894434,5.007737153748375,5.095737412460464,110.43110534361492,4.04149444337415,109.46744500915501,111.39476567807482,24.80435459158926,1.1427443014660692,24.53187683090389,25.07683235227463,0.37219120830540786,0.0663013502472757,0.35638220936958565,0.3880002072412301
15,3,2,27.939032151585955,11.20839604904063,25.266484450057995,30.611579853113916,17.934020335664698,0.1834443692591602,17.890279569789122,17.977761101540274,109.36625237009613,4.045659083258276,108.40159901230788,110.33090572788439,23.619196273880313,1.1317759108346528,23.349333833624666,23.88905871413596,0.36883385978871885,0.06629389821518099,0.35302663772722903,0.3846410818502087
15,3,3,28.042475607676934,11.208379034165395,25.369931963202763,30.715019252151105,12.234947382851177,0.18735924978710367,12.19027314666362,12.279621619038734,109.86723949457866,4.034700319326301,108.90519916181466,110.82927982734265,24.20929511807666,1.1389070443709923,23.93773231904903,24.48085791710429,0.3703773485806301,0.06631279946724983,0.3545656196746683,0.38618907748659187
15,3,4,28.14677911062834,11.208381619120745,25.474234849793323,30.81932337146336,5.770501374183913,0.1799701570735946,5.727589004962999,5.813413743404826,109.70968801198497,4.044561855020609,108.74529627903507,110.67407974493486,24.071429795105253,1.1359511631905321,23.800571801066692,24.342287789143814,0.3707064407600615,0.06628014168975853,0.3549024988262757,0.38651038269384724
16,1,1,37.00878363426093,18.29496893295982,32.64650227327242,41.37106499524944,5.403082337940953,0.1603803295191754,5.364840998221033,5.441323677660873,152.1794006624787,4.199908816199278,151.17796775412594,153.18083357083148,16.437481497070216,1.1090607982019787,16.17303528423826,16.701927709902172,0.5021040837058787,0.10744597646911658,0.47648449494451045,0.5277236724672468
16,1,2,36.77623803833846,18.294944497960714,32.41396250366982,41.1385135730071,18.239555045779596,0.1582570640796324,18.2018199808331,18.277290110726092,151.00388552903405,4.211593451043318,149.9996665178474,152.0081045402207,15.672157208541657,1.0859468533048084,15.413222321330057,15.931092095753257,0.49854300385340033,0.1074037740586531,0.47293347790160717,0.5241525298051934
16,1,3,36.88733214644081,18.2949389513168,32.52505793432273,41.24960635855889,12.148259231637498,0.1573449594497892,12.110741650363188,12.185776812911808,151.63305233046194,4.1983190014037755,150.63199850006635,152.63410616085753,16.094456671653745,1.1035386080435492,15.831327178587108,16.35758616472038,0.5003694020127385,0.10744096214339566,0.474751008875135,0.525987795150342
16,1,4,36.98378363426092,18.294968932959815,32.621502273272405,41.34606499524943,6.064387820233198,0.1552366633410046,6.0273729444213835,6.101402696045012,151.41894250164555,4.204539353091835,150.41640548074403,152.42147952254706,15.931914131057056,1.0966575649908625,15.67042536479148,16.19340289732263,0.5005470183286745,0.10741333657436739,0.474935212275493,0.5261588243818561
16,2,1,36.53560963631742,18.464008953914,32.13302210507129,40.938197167563544,5.293054786502026,0.17596580951884375,5.25109722025263,5.335012352751422,122.66552662613225,4.835139141676185,121.51262839313658,123.81842485912792,21.067569818381962,1.1666430080516907,20.789393612256635,21.34574602450729,0.44463224952382746,0.10932173910717505,0.41856540094892114,0.4706990980987338
16,2,2,36.29596119865628,18.464049820313946,31.893363923161044,40.69855847415151,18.51907019691231,0.17611774227283714,18.47707640357648,18.56106399024814,121.80419089748334,4.837187982968097,120.65080413552585,122.95757765944083,19.8959711487087,1.1602254231543399,19.619325161688028,20.17261713572937,0.4416107045640607,0.10931101061574557,0.41554641410763854,0.4676749950204829
16,2,3,36.40362898911514,18.46401581059984,32.00103982294999,40.80621815528029,12.644719021124306,0.17774600804770116,12.602336981518889,12.687101060729724,122.21490508043966,4.834391323597332,121.06218515837082,123.3676250025085,20.41814039841013,1.1643847780294079,20.140502648227045,20.695778148593217,0.4430121660894625,0.10932729941070538,0.4169439917069781,0.46908034047194686
16,2,4,36.51060963631741,18.464008953913996,32.10802210507129,40.91319716756353,6.04877557169385,0.1735321451529035,6.0073982922293805,6.090152851158319,122.13534080645243,4.840330146160603,120.98120482212796,123.2894767907769,20.385114859285608,1.164260122791843,20.107506832094746,20.66272288647647,0.44350161440801816,0.10931348978227204,0.4174367328152039,0.46956649600083245
16,3,1,36.41636933871504,18.504773794832893,32.00406177425237,40.828676903177715,5.01684083633296,0.1755255474699927,4.974988246863612,5.058693425802309,108.47202041297878,4.094902348828608,107.49562541297519,109.44841541298237,23.38971072535084,1.1349694358212723,23.119086815940694,23.66033463476099,0.4176382150825237,0.10968785985877497,0.3914840680958831,0.4437923620691643
16,3,2,36.18375711519483,18.504780211510123,31.771448020729476,40.59606620966018,17.89010951095903,0.179031893627852,17.847420862759783,17.932798159158274,107.39493420369635,4.091839360614274,106.41926954745257,108.37059885994013,22.209333730770098,1.1162097172570788,21.943182918358904,22.47548454318129,0.41425901442268737,0.10965209907898442,0.38811339429300434,0.4404046345523704
16,3,3,36.28786411488061,18.50480873514601,31.875548219194354,40.70018001056687,12.155276212557274,0.1769361291293883,12.113087281763516,12.197465143351032,107.9209799386733,4.09762358535922,106.94393608272249,108.89802379462411,22.81417480457882,1.1148263602773176,22.548353841996313,23.079995767161325,0.41585285771310243,0.10969047002890679,0.3896980883533626,0.44200762707284225
16,3,4,36.391369338715045,18.504773794832893,31.979061774252372,40.80367690317772,5.7347084749848465,0.17162491242737532,5.693785959111402,5.775630990858291,107.74170021528491,4.095902899313205,106.76506664243948,108.71833378813034,22.660670065110104,1.1211836339338574,22.3933332641307,22.928006866089508,0.4161369607481699,0.109660467785784,0.38998934517078643,0.4422845763255534
17,1,1,50.09176558553705,28.00676800753417,43.41378747535339,56.769743695720706,5.4209723948571265,0.17466258881994637,5.3793255706147205,5.462619219099532,150.8522386820758,4.280940657601162,149.83148441315177,151.87299295099984,15.152472213659644,1.0919168195924178,14.892113838233463,15.412830589085825,0.5775212689018823,0.16525665739668383,0.538117209841576,0.6169253279621886
17,1,2,49.85930840229014,28.00672913098526,43.18133956189236,56.53727724268792,18.254610229208918,0.18834728245799887,18.20970040494684,18.299520053470996,149.673161700143,4.284873432937558,148.65146969404051,150.69485370624548,14.448564109021513,1.0813733576002338,14.190719733367473,14.706408484675553,0.5739541192996108,0.1652073344725862,0.5345618208754253,0.6133464177237964
17,1,3,49.96941857678271,28.006741444207716,43.29144680040067,56.647390353164745,12.22300173267472,0.17513959600241158,12.181241170084423,12.264762295265015,150.3025328242233,4.2736226323363065,149.2835234768309,151.3215421716157,14.832223870127784,1.0899633614338748,14.572331280358071,15.092116459897497,0.575775039086554,0.1652359110379931,0.5363759268208641,0.615174151352244
17,1,4,50.06676558553705,28.00676800753417,43.38878747535339,56.74474369572071,6.080321485947203,0.1688206229687686,6.040067629292635,6.120575342601771,150.08623233076494,4.28408920681353,149.06472731678122,151.10773734474867,14.682721019280224,1.083120559410722,14.424460038059939,14.94098200050051,0.5759539290978674,0.1652223859835048,0.5365580417675855,0.6153498164281492
17,2,1,49.15555639500925,28.134412652718954,42.447142493512686,55.86397029650581,5.223374889141559,0.17616687029666003,5.181369381641937,5.265380396641182,117.25806361919884,4.611037618937087,116.15860050813184,118.35752673026583,20.289241420329905,1.1946366286713408,20.00439037097838,20.57409246968143,0.5097371598471162,0.16733375108739756,0.4698378352782851,0.5496364844159474
17,2,2,48.917763661818164,28.134416749118778,42.209348783569546,55.62617854006678,18.35933966389674,0.18655996660834134,18.314856010055927,18.403823317737555,116.35808681720262,4.610316499308274,115.25879565104175,117.45737798336349,19.137162900132058,1.1880693825226332,18.853877755350936,19.42044804491318,0.5066551032040547,0.16731399731116742,0.4667604887569064,0.546549717651203
17,2,3,49.0209715155033,28.134393771602888,42.312562116049946,55.72938091495665,12.717349815978784,0.18180692707722404,12.673999484409826,12.760700147547741,116.77206785627244,4.6084779100952105,115.67321508623479,117.8709206263101,19.636293001955558,1.1905793906502211,19.352409366862098,19.920176637049018,0.5080360672202994,0.16730837873013174,0.4681427924765098,0.5479293419640889
17,2,4,49.13055639500924,28.134412652718957,42.42214249351268,55.838970296505806,5.973197305146172,0.17678965923877227,5.931043298865056,6.015351311427288,116.68050373397291,4.613049839268941,115.5805608259038,117.78044664204202,19.604480184254804,1.1917791889241611,19.32031046736112,19.888649901148487,0.5085187949802957,0.1673203811508833,0.46862265836029726,0.5484149316002942
17,3,1,49.201198640359756,28.141061118802593,42.491199468082904,55.91119781263661,5.006311186829955,0.16659681176871624,4.966587579239155,5.0460347944207555,104.66884768919975,4.039017091188197,103.70577805851775,105.63191731988175,21.841804992883883,1.1337456586314638,21.571472882844628,22.11213710292314,0.48669547704563315,0.16704900607559772,0.44686404752828646,0.5265269065629798
17,3,2,48.96868576041221,28.14105478000718,42.25868809956777,55.67868342125664,17.88154206659438,0.17629757973693477,17.839505392528853,17.92357874065991,103.60521753337827,4.038384475241118,102.64229874464438,104.56813632211215,20.684392744073627,1.1114084362443881,20.419386756709542,20.94939873143771,0.48334178633410657,0.16702599303839036,0.44351584408179084,0.5231677285864222
17,3,3,49.07354645786537,28.141073953365417,42.36354422529503,55.78354869043571,12.09493696032757,0.17318906006239884,12.053641486615327,12.136232434039812,104.11910078425255,4.036128699167222,103.15671986633757,105.08148170216754,21.27453459997897,1.1322014704606342,21.004570688612265,21.544498511345676,0.48491759280204716,0.16705229380075495,0.4450853793543081,0.5247498062497862
17,3,4,49.176198640359765,28.141061118802597,42.46619946808291,55.88619781263662,5.726864968222804,0.16563711384187982,5.687370192525283,5.766359743920325,103.9400475027356,4.040048157046172,102.9767320230778,104.90336298239339,21.123952599270748,1.1224068387604735,20.85632413539564,21.391581063145857,0.4851970375468897,0.16702529530941254,0.4453712616621763,0.5250228134316032
18,1,1,69.1319960607825,37.98904550239005,60.07382789859092,78.19016422297408,5.434016103762079,0.1545026097795646,5.3971762568437684,5.470855950680389,143.08448918838002,3.7484467392464924,142.1907036125098,143.97827476425024,14.479743819504865,1.0177037131278324,14.237080934694593,14.722406704315137,0.6764712528270547,0.22515363318941573,0.62278526401668,0.7301572416374293
18,1,2,68.89964009335344,37.9890058792036,59.84148137897718,77.9577988077297,18.26381595589659,0.1621744403368772,18.225146825552468,18.30248508624071,141.90451873187132,3.7446529519752145,141.0116377526452,142.79739971109743,13.777087895855574,1.0001288392370238,13.538615591804227,14.015560199906922,0.6729030511173417,0.22510588367544646,0.6192284477766854,0.726577654457998
18,1,3,69.00880161599213,37.989041694153386,59.95063436184253,78.06696887014172,12.290257943473735,0.15731250005178063,12.252748101869683,12.327767785077787,142.53590055769465,3.7487132494319266,141.6420514347138,143.42974968067549,14.165032002836782,1.0043529404035836,13.925552497414754,14.404511508258809,0.6747220476888055,0.22511741457524356,0.6210446949021433,0.7283994004754677
18,1,4,69.10699606078252,37.98904550239005,60.04882789859094,78.1651642229741,6.0927624826766795,0.14924632270913885,6.057175953170351,6.128349012183008,142.31082955725597,3.7453059139780542,141.417792884736,143.20386622977594,14.008866957910785,1.0085571003548517,13.768385005933029,14.24934890988854,0.6748897402826449,0.2251238710819959,0.6212108479962893,0.7285686325690005
18,2,1,68.0214191835728,38.09636148739167,58.9376624279912,77.1051759391544,5.111355391064412,0.17280425368733612,5.07015167119355,5.1525591109352735,111.9041865420027,4.93125440254284,110.7283704340152,113.0800026499902,19.457114330678717,1.0725184819403129,19.201381325598014,19.71284733575942,0.6121193749800018,0.22623639439490226,0.5581752108733256,0.666063539086678
18,2,2,67.78548462776611,38.096377281399185,58.70172410623634,76.86924514929588,18.153491227688654,0.1791768001473949,18.11076802774944,18.19621442762787,110.95050700685675,4.911702323281075,109.77935292760756,112.12166108610595,18.303170897650322,1.0603345915890212,18.05034303867719,18.555998756623453,0.6089489294107763,0.2262162278008108,0.5550095738587274,0.6628882849628251
18,2,3,67.88410825213651,38.09635940337072,58.80035199347216,76.96786451080087,12.757400703115776,0.17601144687594716,12.715432255022689,12.799369151208863,111.37646787243723,4.928463413167928,110.20131725237559,112.55161849249887,18.792578976602986,1.0603569033570401,18.53974579757656,19.04541215562941,0.6103247912116753,0.22622367162114776,0.5563836607433185,0.6642659216800321
18,2,4,67.99641918357283,38.09636148739167,58.91266242799122,77.08017593915443,5.856946918199212,0.17284049210802577,5.815734557581941,5.898159278816484,111.27554016368843,4.920023845901771,110.1024018874091,112.44867843996776,18.760598833639037,1.0632732845624897,18.50707026806013,19.014127399217944,0.610806405496351,0.22622009770358836,0.5568661271985561,0.6647466837941459
18,3,1,68.06705955371936,38.10298029106489,58.981724600109565,77.15239450732915,4.966110868479915,0.16279698001283374,4.927293298789715,5.004928438170115,100.928451259589,4.0509536159873845,99.96253546503334,101.89436705414465,20.22841396292576,1.045697082675954,19.97907629475518,20.47775163109634,0.5920656081417484,0.2261946050529586,0.5381314083519352,0.6459998079315615
18,3,2,67.83467735089889,38.102991086950105,58.749339823101124,76.92001487869665,17.844815506207947,0.17106454095953053,17.804026606194597,17.885604406221297,99.88368295618352,4.03396933850276,98.92181691964454,100.8455489927225,19.088153047730465,1.0420873475883363,18.839676090509904,19.336630004951026,0.5887476246265899,0.22618229245694235,0.5348163606716669,0.6426788885815129
18,3,3,67.94029062548368,38.10305482760046,58.85493789926433,77.02564335170304,12.010788516203606,0.16294284858037514,11.97193616538119,12.04964086702602,100.38792940427552,4.043177271472919,99.42386781361913,101.35199099493192,19.67676038010831,1.025359886004718,19.432271945314337,19.92124881490228,0.5903100647892358,0.22618777164429918,0.5363774943682035,0.644242635210268
18,3,4,68.04205955371937,38.10298029106488,58.95672460010958,77.12739450732916,5.693641337154181,0.1633625695870086,5.65468890739035,5.732593766918013,100.21097130376198,4.04680923054436,99.24604370303366,101.1758989044903,19.518555544809253,1.044480366164321,19.26950799245028,19.767603097168227,0.590588132033074,0.22618091444280597,0.5366571966540237,0.6445190674121244
19,1,1,96.54162646897694,48.8580460208604,84.89183661297214,108.19141632498174,5.431556875611514,0.15962063176194605,5.393496679427748,5.4696170717952795,141.33644488821065,3.7668312129114696,140.43827568932943,142.23461408709187,12.904149743573639,0.9515092040848089,12.67727038231327,13.131029104834006,0.8363866957062049,0.28987588788948165,0.7672682300026556,0.9055051614097542
19,1,2,96.30940426813208,48.85801195049552,84.65962253591903,107.95918600034514,18.254716030657455,0.1634317682876098,18.21574710104588,18.29368496026903,140.139878344116,3.7620049612738993,139.24285992431723,141.03689676391477,12.255196907595751,0.9283083765742278,12.033849588383655,12.476544226807848,0.8327885567306307,0.28986033813069934,0.7636737987361872,0.9019033147250741
19,1,3,96.41756608137993,48.858024921066374,84.76778125644341,108.06735090631645,12.332612067206748,0.15809875589649608,12.294914749514108,12.370309384899388,140.75608782041107,3.7640488170135904,139.85858206041343,141.6535935804087,12.59626736730965,0.9380881185939012,12.372588150924946,12.819946583694355,0.8345735057073878,0.2898718346017635,0.7654560064761801,0.9036910049385954
19,1,4,96.51662646897691,48.8580460208604,84.86683661297211,108.16641632498171,6.088904022280566,0.15642477700483992,6.051605850765464,6.1262021937956685,140.55461228732796,3.761866809721005,139.6576268086042,141.45159776605172,12.468477104005219,0.937279926008971,12.244990594340173,12.691963613670264,0.8347900480326129,0.28985771706390384,0.7656759150094865,0.9039041810557393
19,2,1,95.36935257914776,48.955552118805215,83.69631321475592,107.0423919435396,5.012631649498891,0.16503105571825988,4.9732813832600105,5.0519819157377714,106.33761967408073,4.803128917007093,105.19235400974078,107.48288533842067,18.627097294800688,1.1152162826547514,18.361183358509095,18.89301123109228,0.7645962356479865,0.2913314758511779,0.6951306972460438,0.8340617740499292
19,2,2,95.13528656227783,48.95554766882155,83.46224825894714,106.80832486560851,17.95641338404992,0.16978371351413898,17.91592988656074,17.9968968815391,105.32783630185212,4.799593047485372,104.1834137358397,106.47225886786454,17.467145003706502,1.1079514165488227,17.20296331359254,17.731326693820463,0.7613330163397396,0.29132972295224435,0.6918678959017942,0.830798136777685
19,2,3,95.22928166690363,48.95551802388327,83.55625043215896,106.9023129016483,12.802573473963445,0.17065608139242422,12.76188196769604,12.84326498023085,105.76053284301754,4.7968538613872775,104.61676341287563,106.90430227315946,17.944974069643237,1.1027739141710207,17.6820269113944,18.207921227892076,0.7626938009011783,0.2913316442830613,0.6932282223380707,0.832159379464286
19,2,4,95.34435257914774,48.95555211880521,83.6713132147559,107.01739194353958,5.747973011989277,0.1635614602804065,5.708973158413585,5.7869728655649695,105.66089865896184,4.802308704989752,104.51582856727404,106.80596875064964,17.922853592316436,1.1139827233396338,17.657233787861184,18.188473396771688,0.7631942390591421,0.29132529803907264,0.6937301737044999,0.8326583044137843
19,3,1,95.46478374428564,48.9588505337701,83.7909579006068,107.13860958796448,4.9312830630495395,0.15809192876290354,4.893587373229444,4.968978752869635,97.16820254487256,3.9257832640887553,96.23213256722082,98.1042725225243,18.652717621305555,1.0840157513652726,18.394243189098162,18.91119205351295,0.7481838762064906,0.2908249542180595,0.678839113624785,0.8175286387881963
19,3,2,95.23250836869977,48.958838708014376,83.55868534477284,106.9063313926267,17.81246413786533,0.16693463438903644,17.772659979314025,17.852268296416636,96.11461452079898,3.931708375824238,95.1771317501231,97.05209729147487,17.5090913251459,1.0683559729283245,17.25435083530501,17.763831814986787,0.7448501957516764,0.29080454990061927,0.6755102984077299,0.814190093095623
19,3,3,95.33891675853208,48.9588909279668,83.66508128319701,107.01275223386715,11.930931208317725,0.16661650778116038,11.891202904378531,11.970659512256919,96.62789104965529,3.927976632870953,95.6912980816781,97.56448401763248,18.111170230345756,1.0711794780834734,17.85575649946488,18.36658396122663,0.7464340911149627,0.2908173672078483,0.6770911375919852,0.8157770446379402
19,3,4,95.43978374428563,48.95885053377009,83.7659579006068,107.11360958796448,5.6593024821521105,0.15642092940305732,5.6220052280652695,5.6965997362389516,96.44276629696445,3.932382378108363,95.50512281611671,97.38040977781219,17.94589011422189,1.0786650518833838,17.68869151127136,18.203088717172417,0.7466916662235921,0.2908093889240506,0.6773506150552363,0.8160327173919478
20,1,1,131.5928519208134,58.452833913043776,117.65526564722055,145.53043819440623,5.421737527856242,0.1517421177136403,5.385555897037148,5.4579191586753355,139.88170290161216,3.7744133642757185,138.9817258025539,140.7816800006704,11.478388731104387,0.9276956087414994,11.257187521224594,11.699589940984179,1.0423309758014778,0.3470122173589368,0.959588833228444,1.1250731183745115
20,1,2,131.3607286103418,58.452840330889565,117.42314080646764,145.29831641421595,18.24411645668895,0.15583166291599468,18.20695970823634,18.28127320514156,138.6892890321883,3.7656601069916156,137.79139907365695,139.58717899071965,10.890196265716257,0.9113576217819792,10.672890711316983,11.107501820115532,1.0387411155973565,0.346993789365358,0.9560033670242909,1.121478864170422
20,1,3,131.46783090867828,58.4528221723445,117.53024743455637,145.4054143828002,12.38781538089723,0.14816491598722986,12.352486703721993,12.423144058072467,139.3077722658613,3.7750497099355256,138.40764343553633,140.20790109618628,11.192069606720425,0.9193703370264039,10.972853487810779,11.411285725630071,1.0405239685995475,0.34700036082011304,0.9577846531184048,1.1232632840806902
20,1,4,131.56785192081338,58.452833913043776,117.63026564722054,145.50543819440622,6.078537528634334,0.14831012619962178,6.043174227306126,6.113900829962542,139.09769711521804,3.7690859444067715,138.1989902945889,139.99640393584718,11.082606069563928,0.9146054552755339,10.864526096603766,11.30068604252409,1.0407303037102722,0.3469998770739423,0.9579911035743324,1.1234695038462121
20,2,1,130.64030238848298,58.56274926354209,116.67650772467519,144.60409705229077,4.886547413076385,0.15308729818341546,4.850045035296093,4.923049790856677,100.80044402743741,4.519754191276097,99.72274668140187,101.87814137347294,17.756248145949005,0.9809478254214111,17.52234939320345,17.99014689869456,0.9642883364901927,0.3485836241559691,0.8811715051922782,1.0474051677881073
20,2,2,130.40813914444323,58.56274444171804,116.4443456303588,144.37193265852764,17.738615906546745,0.1542480381516635,17.701836760090487,17.775395053003002,99.75440562720537,4.526122783485704,98.67518974395922,100.83362151045152,16.615983260386372,0.9703268822286092,16.384616982153116,16.84734953861963,0.9609693042699496,0.3485838605975428,0.8778524165945318,1.0440861919453674
20,2,3,130.49744932618026,58.56275026631345,116.53365442327008,144.46124422909043,12.82613671250867,0.14855696204861366,12.790714555249783,12.861558869767558,100.19403489646767,4.524563544878726,99.1151908005439,101.27287899239144,17.0743206234259,0.9848966867483031,16.839480297932855,17.309160948918947,0.9623150407709866,0.3485924127283685,0.8791961139119531,1.0454339676300202
20,2,4,130.61530238848303,58.562749263542095,116.65150772467524,144.57909705229082,5.619922051884118,0.1502572217728749,5.584094482004354,5.655749621763882,100.07905744611335,4.522642802517875,99.00067133503944,101.15744355718726,17.05489085238037,0.9726693351765575,16.82296603595712,17.286815668803623,0.9628036258898571,0.34857473586010584,0.879688913931282,1.0459183378484322
20,3,1,130.6604018546598,58.56047261142917,116.69715003938671,144.62365366993288,4.890590439521445,0.15687113064084005,4.85318583873861,4.927995040304279,93.38551848609008,3.8054191904828714,92.47814830873577,94.29288866344439,17.019441729147115,0.9577297318493092,16.791079135396874,17.247804322897355,0.9506766325747293,0.3482667639438989,0.8676353539275035,1.0337179112219552
20,3,2,130.42824112133337,58.56046806210297,116.46499039080884,144.39149185185792,17.771034323777883,0.15851136500128243,17.733238622916964,17.8088300246388,92.34116989341209,3.8112995236950753,91.43239760009561,93.24994218672856,15.889241595426315,0.9604479471759798,15.660230866109508,16.11825232474312,0.9473607445724563,0.3482492244028053,0.8643236480811812,1.0303978410637313
20,3,3,130.53536752442932,58.56048377728481,116.57211304675194,144.4986220021067,11.840023025318356,0.15377583340582765,11.803356472109392,11.87668957852732,92.85258768676931,3.810767322480416,91.94394229235317,93.76123308118545,16.49168337648249,0.9673202722599401,16.26103399909089,16.722332753874092,0.9489454717214404,0.3482589868306921,0.865906047461402,1.0319848959814788
20,3,4,130.63540185465985,58.56047261142917,116.67215003938676,144.59865366993293,5.622469393950951,0.15501414184120096,5.5855075765178945,5.659431211384007,92.66380632354789,3.804048891064979,91.75676288255653,93.57084976453925,16.3216034389452,0.9546387835097859,16.093977855811303,16.549229022079096,0.9491913190462118,0.34825122903794514,0.8661537445665598,1.0322288935258639
